sample	chrom	reg_start	reg_end	reg_pos	lg_pd_mean	pd_mean	first_pos_start	last_pos_end	reg_reads	pos_cov_mean	pos_len_mean	pos_len_sum	reg_len	chrom_len	p_expected	p_observed	fold_enrichment	log_ratio	p_value
sv.B3c_S139	CAXWAE020000002.1	0	5359447	4	5.9532	897842.1709097264	1489919	5000739	29	7.25	29.5	118	5359447	6197419	0.0024072925590368603	0.00017761200657164425	0.07378081484317198	-1.1320565526882471	1.0
sv.B3c_S139	CAXWAE020000002.1	5359448	6197419	8	4.7637	58036.33782042343	5359448	5807650	38	4.75	37.75	302	837971	6197419	0.00037638983144878133	0.0003552240131432885	0.9437662324085048	-0.025135565604010226	0.6114141721581791
sv.B3c_S139	CAXWAE020000004.1	0	4597000	12	4.9855	96716.37266500187	308119	3735533	30	2.5	155.0	1860	4597000	4597000	0.0020648256982282774	0.0005328360197149328	0.2580537525138962	-0.5882898212124013	0.9999999995564812
sv.B3c_S139	CAXWAE020000005.1	0	4559000	23	4.9795	95389.37428415446	36055	4264529	52	2.260869565217391	188.04347826086956	4325	4559000	4559000	0.0020477573109033537	0.0010212690377869543	0.4987256216101256	-0.302138319694086	0.9999387281103208
sv.B3c_S139	CAXWAE020000006.1	0	4245000	12	5.3976	249804.35187141475	239726	3516899	41	3.4166666666666665	201.41666666666666	2417	4245000	4245000	0.0019067185314289835	0.0005328360197149328	0.2794518493065679	-0.5536930120420631	0.9999999933074825
sv.B3c_S139	CAXWAE020000011.1	0	3331000	58	3.7763	5974.478464258169	1264644	2258864	458	7.896551724137931	237.70689655172413	13787	3331000	3331000	0.0014961788994558173	0.0025753740952888416	1.721300906078507	0.23585679736204396	8.808691130751815e-05
sv.B3c_S139	CAXWAE020000012.1	0	479593	43	3.5773	3778.3309865888623	13092	472632	423	9.837209302325581	251.30232558139534	10806	479593	3298744	0.0002154178705874253	0.0019093290706451757	8.863373616304932	0.9475990564327986	4.37684567041596e-26
sv.B3c_S139	CAXWAE020000012.1	479594	870398	185	2.9382	867.361218401464	479594	870398	2570	13.891891891891891	271.8972972972973	50301	390804	3298744	0.00017553668526656594	0.008214555303938546	46.796800859399355	1.6702161646852587	6.292617112320757e-233
sv.B3c_S139	CAXWAE020000012.1	870399	3298744	274	3.615	4120.975190973304	875245	3287117	1128	4.116788321167883	231.43430656934308	63413	2428345	3298744	0.0010907350794353155	0.012166422450157631	11.154333146098418	1.0474436114081476	1.4153143990139765e-181
sv.B3c_S139	CAXWAE020000014.1	0	728128	3	5.2102	162255.71405095403	299249	547943	12	4.0	191.66666666666666	575	728128	3200000	0.0003270518612137392	0.0001332090049287332	0.4073023906189505	-0.3900830408603032	0.9775603121019221
sv.B3c_S139	CAXWAE020000014.1	728129	926117	23	3.5354	3430.8363277495027	728129	926117	177	7.695652173913044	221.7826086956522	5101	197988	3200000	8.892989130755279e-05	0.0010212690377869543	11.48397937713681	1.0600924039216708	4.886006101775029e-17
sv.B3c_S139	CAXWAE020000014.1	926118	3200000	31	4.507	32136.60538640315	943509	3161069	96	3.096774193548387	211.67741935483872	6562	2273882	3200000	0.0010213552291361131	0.0013764930509302428	1.3477123449933417	0.12959720650693496	0.06397205278442791
sv.B3c_S139	CAXWAE020000016.1	0	2788000	34	4.4609	28900.143553494676	457354	2191102	111	3.264705882352941	216.23529411764707	7352	2788000	2788000	0.0012522806279444065	0.001509702055858976	1.2055620938072975	0.08118958410656683	0.15873677628818694
sv.B3c_S139	CAXWAE020000018.1	0	2653000	19	4.8575	72027.77512383407	531716	2574318	47	2.473684210526316	171.10526315789474	3251	2653000	2653000	0.0011916429361321773	0.0008436570312153101	0.7079780407658385	-0.1499802125392167	0.9527748035257262
sv.B3c_S139	CAXWAE020000020.1	0	2468000	14	4.9516	89454.04837788688	78225	2129579	42	3.0	188.21428571428572	2635	2468000	2468000	0.0011085468399450486	0.0006216420230007549	0.5607719950124707	-0.2512136831926825	0.9934395771409501
sv.B3c_S139	CAXWAE020000021.1	0	2463000	14	4.9545	90053.37627506489	154656	2391663	33	2.357142857142857	214.64285714285714	3005	2463000	2463000	0.0011063009995075587	0.0006216420230007549	0.5619103872069742	-0.25033293967058173	0.9932670076125241
sv.B3c_S139	CAXWAE020000022.1	0	2411000	18	4.6559	45279.330838716945	184293	2265330	51	2.8333333333333335	178.11111111111111	3206	2411000	2411000	0.001082944258957663	0.0007992540295723991	0.7380380134631153	-0.13192126878386412	0.9243252192798912
sv.B3c_S139	CAXWAE020000023.1	0	2395402	12	4.9865	96939.32693002564	322060	2022820	33	2.75	191.08333333333334	2293	2395402	2395402	0.0010759381351288693	0.0005328360197149328	0.4952292351373092	-0.3051937252883437	0.997797581058194
sv.B3c_S139	CAXWAE020000051.1	0	1280092	24	3.847	7030.723198838334	705374	1257913	242	10.083333333333334	242.75	5826	1280092	1280092	0.0005749764754614819	0.0010656720394298656	1.8534185047736893	0.26797349475986665	0.0037792198474192874
sv.B3c_S139	CAXWAE020000084.1	0	815425	16	3.9547	9009.485693796427	78510	802628	153	9.5625	254.6875	4075	815425	815425	0.00036626288774805157	0.000710448026286577	1.939721577183891	0.2877393968527234	0.010717649416689264
sv.B3c_S139	CAXWAE020000259.1	0	172884	21	3.3081	2032.8250323128086	367	172114	390	18.571428571428573	292.42857142857144	6141	172884	172884	7.765397563900315e-05	0.0009324630345011322	12.007923957891801	1.079467929004322	4.595693518292841e-16
sv.B3c_S139	CAXWAE020000363.1	0	84000	19	3.2808	1908.9739411235064	1330	82171	79	4.157894736842105	215.73684210526315	4099	84000	84000	3.773011934983148e-05	0.0008436570312153101	22.36030645418773	1.3494777513812308	1.651667813968504e-19
sv.B3c_S139	CAXWAE020000409.1	0	65427	14	3.2818	1913.374580542302	6943	63392	90	6.428571428571429	244.78571428571428	3427	65427	65427	2.9387720460731237e-05	0.0006216420230007549	21.153121550594978	1.3253744649576658	1.9083406339548943e-14
sv.B3c_S139	OZ183624.2	0	231334465	2449	4.6517	44843.551463896605	357069	231105813	14917	6.091057574520212	28.47488770926909	69735	231334465	231334465	0.10390805921642157	0.10874295102348919	1.0465304793827148	0.01975188134643385	0.009288189635877466
sv.B3c_S139	OZ183625.2	0	206948852	2329	4.65	44668.359215096345	181516	206764786	16089	6.908115070845857	27.45856590811507	63951	206948852	206948852	0.09295482006274536	0.10341459082633986	1.1125253188219186	0.046309903427823366	5.452337431462539e-08
sv.B3c_S139	OZ183626.2	0	201140142	2247	4.6309	42746.444749239316	86175	201117197	14127	6.287049399198932	26.923898531375166	60498	201140142	212178734	0.09034573290121489	0.09977354469162115	1.104352596272751	0.04310775651575308	6.077535937995122e-07
sv.B3c_S139	OZ183626.2	201140143	201145748	6	2.0865	122.03938207443183	201140143	201145748	37	6.166666666666667	165.0	990	5605	212178734	2.517587130426255e-06	0.0002664180098574664	105.82275649477081	2.024579069942935	4.392597710363842e-11
sv.B3c_S139	OZ183626.2	201145749	212178734	115	4.7206	52553.300962692105	201204944	211903776	636	5.530434782608696	26.017391304347825	2992	11032985	212178734	0.0049556647718440525	0.005106345188934772	1.0304056920772409	0.013008249114056325	0.3862869857558961
sv.B3c_S139	OZ183627.2	0	112351688	1305	4.6178	41476.29932299208	2313951	112204910	7345	5.628352490421456	28.86360153256705	37667	112351688	112351688	0.0504647928261313	0.05794591714399894	1.1482444274296877	0.060034346410963245	2.7846176192273737e-07
sv.B3c_S139	OZ183628.2	0	95249161	962	4.6637	46099.90177075904	64782	95172449	6111	6.352390852390853	31.43139293139293	30237	95249161	117723036	0.042782883482158494	0.042715687580480444	0.998429374174696	-0.0006826503636538656	0.5244381606688275
sv.B3c_S139	OZ183628.2	95249162	95249823	4	1.9968	99.26588068710306	95249162	95249823	43	10.75	80.75	323	661	117723036	2.9690010583617385e-07	0.00017761200657164425	598.2214323279783	2.776861968332606	8.282142298579315e-11
sv.B3c_S139	OZ183628.2	95249824	117723036	234	4.703	50466.12975635287	95365610	117625626	1412	6.034188034188034	27.324786324786324	6394	22473212	117723036	0.010094249653976962	0.010390302384441188	1.029328849653286	0.012554145193636951	0.3371886793554935
sv.B3c_S139	OZ183629.2	0	106774127	1253	4.6408	43732.06651696446	59103	106264861	7730	6.169193934557063	35.74620909816441	44790	106774127	106774127	0.0479595304188579	0.05563696105856756	1.1600814389269094	0.06448847822268387	7.46150294420496e-08
sv.B3c_S139	OZ183630.2	0	100879271	1044	4.6763	47456.96931912431	336293	100864503	7213	6.909003831417625	25.979885057471265	27123	100879271	100879271	0.045311749223261824	0.04635673371519915	1.0230621088316065	0.009901999991791682	0.2295920763395064
sv.B3c_S139	OZ183631.2	0	95320580	1096	4.6296	42618.680542416034	63781	95110210	6309	5.756386861313868	30.73722627737226	33688	95320580	95320580	0.04281496261779951	0.048665689800630525	1.1366514607301954	0.05562731439147978	1.13274037402953e-05
sv.B3c_S139	OZ183632.2	0	87136867	1031	4.6412	43772.36379347661	337471	87045818	6004	5.823472356935015	28.092143549951505	28963	87136867	87136867	0.03913909990095704	0.0457794946938413	1.1696614078935905	0.06806016092128152	2.9084759399375837e-07
sv.B3c_S139	OZ183633.2	0	79618381	884	4.6561	45300.18754322407	402080	78566906	5203	5.885746606334842	28.42760180995475	25130	79618381	79618381	0.0357620359234566	0.03925225345233338	1.0975956049131845	0.04044235932680452	0.0028356908987814803
sv.B3c_S139	OZ183634.2	0	33690914	387	4.6947	49510.80641176657	50915	33619429	3220	8.320413436692506	27.51937984496124	10650	33690914	79180592	0.015132883407439382	0.017183961635806582	1.1355378332829078	0.05520160840364457	0.007130045852262956
sv.B3c_S139	OZ183634.2	33690915	33691497	4	1.9171	82.62281737435991	33690915	33691497	35	8.75	57.75	231	582	79180592	2.614158269238324e-07	0.00017761200657164425	679.4233105993017	2.8321404431683574	4.980882897198997e-11
sv.B3c_S139	OZ183634.2	33691498	79180592	557	4.595	39355.007545577726	33771525	78789930	3974	7.134649910233393	29.628366247755835	16503	45489094	79180592	0.020432249353996464	0.024732471915101462	1.2104625137742797	0.08295134453110999	5.353190817730482e-06
sv.B3c_S139	OZ183635.2	0	74345968	882	4.6561	45300.18754322407	58300	74161962	4828	5.473922902494331	26.5124716553288	23384	74345968	74345968	0.033393836259747046	0.03916344744904755	1.172774734367827	0.06921460118959284	1.419210020335958e-06
sv.B3c_S139	OZ183636.2	0	66984362	764	4.6546	45143.99612669506	265159	66973621	4169	5.456806282722513	28.42408376963351	21716	66984362	67855162	0.030087237771813286	0.03392389325518405	1.1275177040999447	0.05212336982498584	0.0004978461630953513
sv.B3c_S139	OZ183636.2	66984363	66985197	4	2.0263	106.24292038711266	66984363	66985197	42	10.5	127.75	511	834	67855162	3.746061849733268e-07	0.00017761200657164425	474.12993617361343	2.6758973771805072	2.0960097329645056e-10
sv.B3c_S139	OZ183636.2	66985198	67855162	9	4.8012	63270.315486650055	67009518	67776662	66	7.333333333333333	19.77777777777778	178	869964	67855162	0.00039076006607210463	0.00039962701478619956	1.0226915426727836	0.009744664488957607	0.5177814880430543
sv.B3c_S139	OZ183637.2	0	57730112	643	4.6912	49113.39996469983	168259	55261273	3828	5.953343701399689	25.559875583203734	16435	57730112	57730112	0.02593052399808498	0.028551130056391812	1.10106259551486	0.04181200935681015	0.007722024473763517
sv.B3c_S139	OZ183638.2	0	56849043	685	4.6283	42491.298208112006	136433	54745733	4097	5.981021897810219	24.881751824817517	17044	56849043	56849043	0.02553477592040121	0.030416056125394077	1.19116205367179	0.07597084983525178	3.4499501776999334e-06
sv.B3c_S139	OZ183639.2	0	54502275	580	4.6902	49000.44227932357	46579	54189414	3276	5.6482758620689655	27.929310344827588	16199	54502275	54502275	0.024480682626039717	0.025753740952888415	1.0520025665254353	0.022016799348589626	0.11283103160522526
sv.B3c_S139	OZ183640.2	0	52478002	537	4.724	52966.34438916581	115838	52386031	3178	5.918063314711359	25.722532588454378	13813	52478002	52478002	0.02357144379405589	0.02384441188224324	1.0115804568685853	0.005000430442910413	0.39951873862896115
sv.B3c_S139	OZ183641.2	0	52743892	574	4.6639	46121.13644917028	4095401	52706140	3448	6.006968641114983	24.538327526132406	14085	52743892	52743892	0.02369087309684073	0.025487322943030948	1.075828773335913	0.03174315542631141	0.04119894514495139
sv.B3c_S139	OZ183642.2	0	42979467	500	4.6355	43201.616761814286	2427734	42957133	2701	5.402	25.74	12870	42979467	42979467	0.019305004994073133	0.02220150082145553	1.1500385950830707	0.06071241544086771	0.0010681360946394821
sv.B3c_S139	OZ183643.2	0	950390	6	5.0328	107844.99632938317	104647	856876	11	1.8333333333333333	64.83333333333333	389	950390	29885044	0.0004268848586772183	0.0002664180098574664	0.6240980546440834	-0.2047471711423292	0.9168665533690599
sv.B3c_S139	OZ183643.2	950391	1008724	6	3.9696	9323.951375406328	950391	1008724	40	6.666666666666667	21.833333333333332	131	58333	29885044	2.620132204802047e-05	0.0002664180098574664	10.168113248987543	1.0072403745971394	3.543516377153857e-05
sv.B3c_S139	OZ183643.2	1008725	1750912	4	5.216	164437.17232149324	1302339	1750912	24	6.0	20.75	83	742187	29885044	0.0003333667153558735	0.00017761200657164425	0.5327826636262742	-0.2734499152452997	0.9411843818537038
sv.B3c_S139	OZ183643.2	1750913	27203470	10	6.1011	1262118.1145707504	2480822	26730773	59	5.9	24.0	240	25452557	29885044	0.011432476349623674	0.0004440300164291106	0.03883935578346741	-1.4107279822142271	1.0
sv.B3c_S139	OZ183643.2	27203471	29885044	10	5.2345	171593.17101209934	27203471	29675595	25	2.5	20.6	206	2681573	29885044	0.0012044770158962576	0.0004440300164291106	0.3686496384480243	-0.4333861876936237	0.9999473217089114
sv.B3c_S139	OZ183644.2	0	29388909	299	4.707	50933.087105719525	67045	27380410	1726	5.7725752508361206	25.331103678929765	7574	29388909	29388909	0.013200560049182576	0.013276497491230407	1.0057525924479647	0.0024911606908700474	0.4680869605231707
sv.B3c_S139	OZ183645.2	0	14526857	137	4.7427	55296.80004928025	109557	14198956	740	5.401459854014599	26.343065693430656	3609	14526857	14526857	0.006525000576046843	0.006083211225078816	0.9322928257524102	-0.030447657780795678	0.8055295671694949
sv.B3c_S139	OZ183646.2	0	9179381	83	4.8031	63547.72390486153	188526	9113700	420	5.0602409638554215	22.771084337349397	1890	9179381	9179381	0.004123085008185421	0.003685449136361618	0.8938571795257727	-0.048731867220708235	0.8599939325152812
