sample	chrom	reg_start	reg_end	reg_pos	lg_pd_mean	pd_mean	first_pos_start	last_pos_end	reg_reads	pos_cov_mean	pos_len_mean	pos_len_sum	reg_len	chrom_len	p_expected	p_observed	fold_enrichment	log_ratio	p_value
sv.B3c_S139	CAXWAE020000012.1	479594	870398	185	2.9382	867.361218401464	479594	870398	2570	13.891891891891891	271.8972972972973	50301	390804	3298744	0.0001755366852665	0.0082145553039385	46.79680085939936	1.670216164685259	6.292617112320757e-233
sv.B3c_S139	CAXWAE020000012.1	870399	3298744	274	3.615	4120.975190973304	875245	3287117	1128	4.116788321167883	231.43430656934308	63413	2428345	3298744	0.0010907350794353	0.0121664224501576	11.154333146098418	1.0474436114081476	1.4153143990139765e-181
sv.B3c_S139	CAXWAE020000012.1	0	479593	43	3.5773	3778.3309865888623	13092	472632	423	9.83720930232558	251.3023255813953	10806	479593	3298744	0.0002154178705874	0.0019093290706451	8.863373616304932	0.9475990564327986	4.3768456704159597e-26
sv.B3c_S139	CAXWAE020000363.1	0	84000	19	3.2808	1908.9739411235064	1330	82171	79	4.157894736842105	215.73684210526315	4099	84000	84000	3.773011934983148e-05	0.0008436570312153	22.36030645418773	1.3494777513812308	1.651667813968504e-19
sv.B3c_S139	CAXWAE020000014.1	728129	926117	23	3.5354	3430.8363277495027	728129	926117	177	7.695652173913044	221.7826086956522	5101	197988	3200000	8.892989130755279e-05	0.0010212690377869	11.48397937713681	1.0600924039216708	4.8860061017750285e-17
sv.B3c_S139	CAXWAE020000259.1	0	172884	21	3.3081	2032.8250323128088	367	172114	390	18.571428571428573	292.42857142857144	6141	172884	172884	7.765397563900315e-05	0.0009324630345011	12.0079239578918	1.079467929004322	4.595693518292841e-16
sv.B3c_S139	CAXWAE020000409.1	0	65427	14	3.2818	1913.374580542302	6943	63392	90	6.428571428571429	244.78571428571428	3427	65427	65427	2.938772046073124e-05	0.0006216420230007	21.153121550594975	1.3253744649576658	1.9083406339548943e-14
sv.B3c_S139	CAXWAE020000011.1	0	3331000	58	3.7763	5974.478464258169	1264644	2258864	458	7.896551724137931	237.70689655172413	13787	3331000	3331000	0.0014961788994558	0.0025753740952888	1.721300906078507	0.2358567973620439	8.808691130751815e-05
sv.B3c_S139	CAXWAE020000051.1	0	1280092	24	3.847	7030.723198838334	705374	1257913	242	10.083333333333334	242.75	5826	1280092	1280092	0.0005749764754614	0.0010656720394298	1.8534185047736893	0.2679734947598666	0.0037792198474192
sv.B3c_S139	CAXWAE020000084.1	0	815425	16	3.9547	9009.485693796429	78510	802628	153	9.5625	254.6875	4075	815425	815425	0.000366262887748	0.0007104480262865	1.939721577183891	0.2877393968527234	0.0107176494166892
sv.B3c_S139	CAXWAE020000014.1	926118	3200000	31	4.507	32136.60538640315	943509	3161069	96	3.096774193548387	211.67741935483872	6562	2273882	3200000	0.0010213552291361	0.0013764930509302	1.3477123449933417	0.1295972065069349	0.0639720527844279
sv.B3c_S139	CAXWAE020000016.1	0	2788000	34	4.4609	28900.14355349468	457354	2191102	111	3.264705882352941	216.23529411764707	7352	2788000	2788000	0.0012522806279444	0.0015097020558589	1.2055620938072975	0.0811895841065668	0.1587367762881869
sv.B3c_S139	CAXWAE020000002.1	5359448	6197419	8	4.7637	58036.33782042343	5359448	5807650	38	4.75	37.75	302	837971	6197419	0.0003763898314487	0.0003552240131432	0.9437662324085048	-0.0251355656040102	0.6114141721581791
sv.B3c_S139	CAXWAE020000022.1	0	2411000	18	4.6559	45279.33083871695	184293	2265330	51	2.833333333333333	178.11111111111111	3206	2411000	2411000	0.0010829442589576	0.0007992540295723	0.7380380134631153	-0.1319212687838641	0.9243252192798912
sv.B3c_S139	CAXWAE020000018.1	0	2653000	19	4.8575	72027.77512383407	531716	2574318	47	2.473684210526316	171.10526315789474	3251	2653000	2653000	0.0011916429361321	0.0008436570312153	0.7079780407658385	-0.1499802125392167	0.9527748035257262
sv.B3c_S139	CAXWAE020000014.1	0	728128	3	5.2102	162255.71405095403	299249	547943	12	4.0	191.66666666666663	575	728128	3200000	0.0003270518612137	0.0001332090049287	0.4073023906189505	-0.3900830408603032	0.977560312101922
sv.B3c_S139	CAXWAE020000021.1	0	2463000	14	4.9545	90053.37627506489	154656	2391663	33	2.357142857142857	214.64285714285717	3005	2463000	2463000	0.0011063009995075	0.0006216420230007	0.5619103872069742	-0.2503329396705817	0.993267007612524
sv.B3c_S139	CAXWAE020000020.1	0	2468000	14	4.9516	89454.04837788688	78225	2129579	42	3.0	188.2142857142857	2635	2468000	2468000	0.001108546839945	0.0006216420230007	0.5607719950124707	-0.2512136831926825	0.99343957714095
sv.B3c_S139	CAXWAE020000023.1	0	2395402	12	4.9865	96939.32693002564	322060	2022820	33	2.75	191.08333333333331	2293	2395402	2395402	0.0010759381351288	0.0005328360197149	0.4952292351373092	-0.3051937252883437	0.997797581058194
sv.B3c_S139	CAXWAE020000005.1	0	4559000	23	4.9795	95389.37428415446	36055	4264529	52	2.260869565217391	188.0434782608696	4325	4559000	4559000	0.0020477573109033	0.0010212690377869	0.4987256216101256	-0.302138319694086	0.9999387281103208
sv.B3c_S139	CAXWAE020000006.1	0	4245000	12	5.3976	249804.35187141475	239726	3516899	41	3.4166666666666665	201.41666666666663	2417	4245000	4245000	0.0019067185314289	0.0005328360197149	0.2794518493065679	-0.5536930120420631	0.9999999933074823
sv.B3c_S139	CAXWAE020000004.1	0	4597000	12	4.9855	96716.37266500188	308119	3735533	30	2.5	155.0	1860	4597000	4597000	0.0020648256982282	0.0005328360197149	0.2580537525138962	-0.5882898212124013	0.9999999995564812
sv.B3c_S139	CAXWAE020000002.1	0	5359447	4	5.9532	897842.1709097264	1489919	5000739	29	7.25	29.5	118	5359447	6197419	0.0024072925590368	0.0001776120065716	0.0737808148431719	-1.1320565526882471	1.0
